-- Chèn dữ liệu vào bảng categories
INSERT INTO categories (id, name, img_url, description) VALUES
(1, 'Khai vị', 'http://localhost:9000/images/default-category.jpg', 'Các món khai vị nhẹ nhàng trước bữa ăn chính.'),
(2, 'Món chính', 'http://localhost:9000/images/default-category.jpg', 'Món ăn chính dùng trong bữa ăn hàng ngày.'),
(3, 'Món tráng miệng', 'http://localhost:9000/images/default-category.jpg', 'Các món ngọt dùng sau bữa ăn.'),
(4, 'Đồ uống', 'http://localhost:9000/images/default-category.jpg', 'Các loại thức uống giải khát hoặc tráng miệng.'),
(5, 'Món ăn vặt', 'http://localhost:9000/images/default-category.jpg', 'Các món ăn nhẹ, ăn chơi giữa buổi.');

-- Chèn dữ liệu vào bảng units
INSERT INTO units (id, name) VALUES
(1, 'gram'),
(2, 'ml'),
(3, 'muỗng cà phê'),
(4, 'muỗng canh'),
(5, 'quả'),
(6, 'cái'),
(7, 'nhúm'),
(8, 'củ'),
(9, 'nhánh'),
(10, 'miếng'),
(11, 'tép'),
(12, 'kg'),
(13, 'gói'),
(14, 'lít');

-- Chèn dữ liệu vào bảng ingredients
INSERT INTO ingredients (id, unit_id, name, description, img_url) VALUES
(1, 6, 'Bánh tráng', NULL, 'http://localhost:9000/images/default-ingredient.jpg'),
(2, 1, 'Tôm', NULL, 'http://localhost:9000/images/default-ingredient.jpg'),
(3, 1, 'Thịt ba chỉ', NULL, 'http://localhost:9000/images/default-ingredient.jpg'),
(4, 1, 'Bún', NULL, 'http://localhost:9000/images/default-ingredient.jpg'),
(5, 1, 'Rau sống hỗn hợp', NULL, 'http://localhost:9000/images/default-ingredient.jpg'),
(6, 4, 'Nước mắm', NULL, 'http://localhost:9000/images/default-ingredient.jpg'),
(7, 4, 'Đường', NULL, 'http://localhost:9000/images/default-ingredient.jpg'),
(8, 11, 'Tỏi', NULL, 'http://localhost:9000/images/default-ingredient.jpg'),
(9, 5, 'Ớt', NULL, 'http://localhost:9000/images/default-ingredient.jpg'),
(10, 6, 'Bánh tráng cuốn nem', NULL, 'http://localhost:9000/images/default-ingredient.jpg'),
(11, 1, 'Thịt heo xay', NULL, 'http://localhost:9000/images/default-ingredient.jpg'),
(12, 8, 'Cà rốt', NULL, 'http://localhost:9000/images/default-ingredient.jpg'),
(13, 1, 'Khoai môn', NULL, 'http://localhost:9000/images/default-ingredient.jpg'),
(14, 1, 'Mộc nhĩ', NULL, 'http://localhost:9000/images/default-ingredient.jpg'),
(15, 1, 'Miến dong', NULL, 'http://localhost:9000/images/default-ingredient.jpg'),
(16, 5, 'Trứng gà', NULL, 'http://localhost:9000/images/default-ingredient.jpg'),
(17, 8, 'Hành tím', NULL, 'http://localhost:9000/images/default-ingredient.jpg'),
(18, 7, 'Tiêu', NULL, 'http://localhost:9000/images/default-ingredient.jpg'),
(19, 7, 'Muối', NULL, 'http://localhost:9000/images/default-ingredient.jpg'),
(20, 2, 'Dầu ăn', NULL, 'http://localhost:9000/images/default-ingredient.jpg'),
(21, 1, 'Thịt gà', NULL, 'http://localhost:9000/images/default-ingredient.jpg'),
(22, 8, 'Hành tây', NULL, 'http://localhost:9000/images/default-ingredient.jpg'),
(23, 1, 'Rau răm', NULL, 'http://localhost:9000/images/default-ingredient.jpg'),
(24, 5, 'Chanh', NULL, 'http://localhost:9000/images/default-ingredient.jpg'),
(25, 4, 'Giấm', NULL, 'http://localhost:9000/images/default-ingredient.jpg'),
(26, 1, 'Bí đỏ', NULL, 'http://localhost:9000/images/default-ingredient.jpg'),
(27, 1, 'Khoai tây', NULL, 'http://localhost:9000/images/default-ingredient.jpg'),
(28, 1, 'Nước dùng gà', NULL, 'http://localhost:9000/images/default-ingredient.jpg'),
(29, 2, 'Kem tươi', NULL, 'http://localhost:9000/images/default-ingredient.jpg'),
(30, 1, 'Bơ', NULL, 'http://localhost:9000/images/default-ingredient.jpg'),
(31, 1, 'Thịt cua', NULL, 'http://localhost:9000/images/default-ingredient.jpg'),
(32, 5, 'Bắp mỹ', NULL, NULL),
(33, 1, 'Nấm đông cô', NULL, NULL),
(34, 1, 'Bột năng', NULL, NULL),
(35, 1, 'Ngò rí', NULL, NULL),
(36, 1, 'Đậu Hà Lan', NULL, NULL),
(37, 1, 'Xúc xích', NULL, NULL),
(38, 1, 'Dưa chuột muối', NULL, NULL),
(39, 1, 'Mayonnaise', NULL, NULL),
(40, 5, 'Xoài xanh', NULL, NULL),
(41, 1, 'Tôm khô', NULL, NULL),
(42, 1, 'Rau thơm', NULL, NULL),
(43, 1, 'Đậu phộng', NULL, NULL),
(44, 1, 'Bột gạo', NULL, NULL),
(45, 1, 'Giá đỗ', NULL, NULL),
(46, 1, 'Chả lụa', NULL, NULL),
(47, 1, 'Dưa leo', NULL, NULL),
(48, 1, 'Hành lá', NULL, NULL),
(49, 1, 'Nước hàng (caramen)', NULL, NULL),
(50, 1, 'Gừng', NULL, NULL),
(51, 1, 'Quế', NULL, NULL),
(52, 6, 'Hồi', NULL, NULL),
(53, 6, 'Đinh hương', NULL, NULL),
(54, 1, 'Đường phèn', NULL, NULL),
(55, 1, 'Bánh phở', NULL, NULL),
(56, 1, 'Xương bò', NULL, NULL),
(57, 1, 'Thịt bò', NULL, NULL),
(58, 1, 'Rau mùi', NULL, NULL),
(59, 1, 'Bún tươi', NULL, NULL),
(60, 1, 'Thịt nạc vai', NULL, NULL),
(61, 1, 'Nước mắm chua ngọt', NULL, NULL),
(62, 1, 'Đu đủ xanh', NULL, NULL),
(63, 1, 'Gạo tấm', NULL, NULL),
(64, 1, 'Sườn heo', NULL, NULL),
(65, 1, 'Sả', NULL, NULL),
(66, 1, 'Mật ong', NULL, NULL),
(67, 1, 'Dầu hào', NULL, NULL),
(68, 1, 'Nước tương', NULL, NULL),
(69, 1, 'Đồ chua (cà rốt, củ cải muối)', NULL, NULL),
(70, 1, 'Bột nghệ', NULL, NULL),
(71, 1, 'Nước cốt dừa', NULL, NULL),
(72, 1, 'Bún sợi to', NULL, NULL),
(73, 1, 'Bắp bò', NULL, NULL),
(74, 6, 'Giò heo', NULL, NULL),
(75, 1, 'Chả cua', NULL, NULL),
(76, 1, 'Mắm ruốc Huế', NULL, NULL),
(77, 1, 'Ớt sa tế', NULL, NULL),
(78, 1, 'Bạc hà (dọc mùng)', NULL, NULL),
(79, 1, 'Đậu bắp', NULL, NULL),
(80, 1, 'Rau sống', NULL, NULL),
(81, 1, 'Riềng', NULL, NULL),
(82, 6, 'Lá chanh', NULL, NULL),
(83, 1, 'Nước cốt chanh', NULL, NULL),
(84, 1, 'Nghêu (ngao)', NULL, NULL),
(85, 1, 'Mực', NULL, NULL),
(86, 1, 'Đùi gà', NULL, NULL),
(87, 1, 'Thịt heo ba chỉ', NULL, NULL),
(88, 1, 'Bột bò kho (gia vị bò kho)', NULL, NULL),
(89, 2, 'Nước dừa tươi', NULL, NULL),
(90, 1, 'Khoai lang', NULL, NULL),
(91, 1, 'Thịt heo (làm xá xíu)', NULL, NULL),
(92, 1, 'Ngũ vị hương', NULL, NULL),
(93, 1, 'Bánh đa (miếng tóp mỡ chiên)', NULL, NULL),
(94, 1, 'Mì cao lầu', NULL, NULL),
(95, 1, 'Mì Quảng (sợi mì)', NULL, NULL),
(96, 5, 'Trứng cút', NULL, NULL),
(97, 1, 'Nghệ tươi', NULL, NULL),
(98, 1, 'Hạt điều màu (dầu điều)', NULL, NULL),
(99, 1, 'Bánh tráng nướng', NULL, NULL),
(100, 1, 'Đậu đen', NULL, NULL),
(101, 1, 'Bột báng (trân châu nhỏ)', NULL, NULL),
(102, 1, 'Chuối sứ chín', NULL, NULL),
(103, 1, 'Sữa tươi', NULL, NULL),
(104, 1, 'Sữa đặc', NULL, NULL),
(105, 1, 'Đậu đỏ', NULL, NULL),
(106, 1, 'Đậu xanh đã xát vỏ', NULL, NULL),
(107, 1, 'Bột rau câu', NULL, NULL),
(108, 1, 'Lá dứa', NULL, NULL),
(109, 1, 'Chuối xiêm chín', NULL, NULL),
(110, 1, 'Dừa nạo', NULL, NULL),
(111, 1, 'Cùi bưởi', NULL, NULL),
(112, 1, 'Men nở', NULL, NULL),
(113, 1, 'Bột sương sáo', NULL, NULL),
(114, 14, 'Nước', NULL, NULL),
(115, 1, 'Bột mì', NULL, NULL),
(116, 1, 'Đường thốt nốt', NULL, NULL),
(117, 1, 'Mè (vừng)', NULL, NULL),
(118, 1, 'Trà (chè khô)', NULL, NULL),
(119, 1, 'Chanh muối', NULL, NULL),
(120, 1, 'Đậu nành', NULL, NULL),
(121, 1, 'Bột cà phê', NULL, NULL),
(122, 6, 'Đá viên', NULL, NULL),
(123, 1, 'Bơ chín', NULL, NULL),
(124, 1, 'Nước ấm', NULL, NULL),
(125, 1, 'Bắp (ngô) hạt', NULL, NULL),
(126, 1, 'Sa tế', NULL, NULL),
(127, 1, 'Hành phi', NULL, NULL),
(128, 1, 'Tương ớt', NULL, NULL),
(129, 1, 'Sốt mayonnaise', NULL, NULL),
(130, 1, 'Bột gia vị', NULL, NULL),
(131, 1, 'Chà bông', NULL, NULL),
(132, 1, 'Hạt nêm', NULL, NULL),
(133, 1, 'Cá thác lác xay', NULL, NULL),
(134, 1, 'Củ sắn (củ đậu)', NULL, NULL),
(135, 1, 'Lạp xưởng', NULL, NULL),
(136, 1, 'Rau xà lách', NULL, NULL),
(137, 1, 'Hẹ', NULL, NULL),
(138, 1, 'Tương đen (tương ngọt)', NULL, NULL),
(139, 1, 'Me chín', NULL, NULL),
(140, 1, 'Rau răm', NULL, NULL),
(141, 1, 'Gừng thái sợi', NULL, NULL),
(142, 1, 'Trứng cút lộn', NULL, NULL),
(143, 1, 'Bột gạo', NULL, NULL),
(144, 1, 'Khoai lang (làm nhân)', NULL, NULL),
(145, 1, 'Miến', NULL, NULL),
(146, 1, 'Dầu ô liu', NULL, NULL),
(147, 1, 'Củ cải muối', NULL, NULL),
(148, 1, 'Nước màu', NULL, NULL),
(149, 1, 'Bột nghệ', NULL, NULL),  -- Duplicate names (should be merged with #70, but safe to keep due to initial data separation)
(150, 1, 'Bột năng', NULL, NULL),   -- Duplicate names (should be merged with #34)
(151, 1, 'Hạt điều màu', NULL, NULL),  -- Duplicate names (#98)
(152, 1, 'Bột nếp', NULL, NULL),
(153, 1, 'Khoai lang (lát)', NULL, NULL),
(154, 1, 'Bột năng (áo)', NULL, NULL),
(155, 1, 'Cá viên', NULL, NULL),
(156, 1, 'Trà đen', NULL, NULL),
(157, 1, 'Chanh tươi', NULL, NULL),
(158, 1, 'Nước trà', NULL, NULL),
(159, 1, 'Cà phê phin', NULL, NULL),
(160, 1, 'Cà phê pha phin', NULL, NULL);  -- Last lines with possible duplicates and mis-labeled ingredients

-- Chèn dữ liệu vào bảng recipes
INSERT INTO recipes (id, category_id, author_username, title, description, prep_time, cook_time, servings, img_url, video_url, view_count) VALUES
(1, 1, 'admin', 'Gỏi cuốn', 'Gỏi cuốn là món ăn thanh mát gồm rau sống, bún và tôm thịt cuốn trong bánh tráng. Món này chấm với nước mắm chua ngọt, thích hợp làm khai vị nhẹ nhàng.', 0.5, 0.1, 4, NULL, NULL, 0),
(2, 1, 'chef1', 'Chả giò', 'Chả giò (nem rán) là món cuốn chiên giòn tan với nhân thịt heo xay, rau củ và miến. Món này thường xuất hiện trong các bữa tiệc như một món khai vị hấp dẫn.', 0.5, 0.3, 4, NULL, NULL, 0),
(3, 1, 'chef2', 'Nộm gà xé phay', 'Nộm gà xé phay là món nộm thanh mát, kết hợp thịt gà luộc xé nhỏ với hành tây, rau răm và nước mắm chua ngọt. Món này giòn ngon và rất dễ ăn, phù hợp làm khai vị.', 0.3, 0.2, 3, NULL, NULL, 0),
(4, 1, 'chef3', 'Súp bí đỏ', 'Súp bí đỏ là món súp kem mịn, bổ dưỡng với nguyên liệu chính là bí đỏ xay nhuyễn. Món súp này có vị ngọt tự nhiên, thường được dùng làm món khai vị ấm áp.', 0.2, 0.5, 4, NULL, NULL, 0),
(5, 1, 'chef4', 'Súp cua', 'Súp cua là món súp sệt với thành phần chính gồm thịt cua, trứng và bắp. Món này thơm ngon, bổ dưỡng và thường được dùng như một món khai vị hoặc bữa sáng nhẹ.', 0.3, 0.2, 4, NULL, NULL, 0),
(6, 1, 'admin', 'Salad Nga', 'Salad Nga là món salad trộn nổi tiếng gồm khoai tây, cà rốt, đậu Hà Lan, trứng và thịt (hoặc xúc xích), trộn cùng sốt mayonnaise. Món này mát lạnh, béo ngậy, thường dùng làm khai vị hoặc món ăn kèm.', 0.4, 0.2, 4, NULL, NULL, 0),
(7, 1, 'chef1', 'Gỏi xoài tôm khô', 'Gỏi xoài tôm khô là món gỏi chua ngọt hấp dẫn với xoài xanh bào sợi trộn cùng tôm khô, rau thơm và nước mắm chua ngọt. Vị chua của xoài hòa quyện với vị đậm đà của tôm khô tạo nên món khai vị bắt vị.', 0.3, 0.1, 4, NULL, NULL, 0),
(8, 1, 'chef2', 'Bánh cuốn', 'Bánh cuốn là món bánh làm từ bột gạo hấp tráng mỏng, cuộn với nhân thịt băm mộc nhĩ. Bánh cuốn mềm mịn, ăn cùng chả lụa, hành phi và nước mắm chua ngọt, thường dùng làm bữa sáng hoặc khai vị.', 0.5, 0.5, 4, NULL, NULL, 0),
(9, 1, 'chef3', 'Nộm đu đủ bò khô', 'Nộm đu đủ bò khô là món nộm đường phố nổi tiếng với đu đủ xanh bào sợi giòn tan trộn cùng bò khô xé sợi, lạc rang và nước mắm chua ngọt cay cay. Món ăn có vị chua ngọt hài hòa, rất được ưa chuộng làm món khai vị hoặc ăn vặt.', 0.3, 0.1, 2, NULL, NULL, 0),
(10, 1, 'chef4', 'Salad trộn dầu giấm', 'Salad trộn dầu giấm là món salad đơn giản kết hợp rau xà lách, cà chua, dưa chuột và hành tây, trộn với nước sốt dầu ô liu và giấm. Món ăn tươi mát, giàu vitamin, thích hợp làm món khai vị nhẹ nhàng.', 0.2, 0.0, 2, NULL, NULL, 0),
(11, 2, 'admin', 'Phở bò', 'Phở bò là món quốc hồn quốc túy của Việt Nam với nước dùng từ xương bò đậm đà và bánh phở mềm. Tô phở bò nóng hổi, thơm mùi quế, hồi, ăn kèm rau thơm và tương ớt rất hấp dẫn.', 1.0, 4.0, 6, NULL, NULL, 0),
(12, 2, 'chef1', 'Bún chả', 'Bún chả là món ăn đặc trưng của Hà Nội gồm bún tươi ăn cùng chả thịt heo nướng than hoa và nước mắm chua ngọt. Thịt nướng thơm lừng kết hợp với đu đủ chua ngọt và rau sống tạo nên hương vị khó quên.', 0.5, 0.5, 4, NULL, NULL, 0),
(13, 2, 'chef2', 'Cơm tấm sườn nướng', 'Cơm tấm sườn nướng là đặc sản Sài Gòn với cơm tấm (gạo vỡ) ăn kèm sườn heo nướng thơm phức. Món ăn thường đi kèm mỡ hành, đồ chua và chén nước mắm tỏi ớt, tạo nên hương vị đậm đà khó quên.', 0.5, 0.5, 4, NULL, NULL, 0),
(14, 2, 'chef3', 'Bánh xèo', 'Bánh xèo là món bánh giòn rụm màu vàng nghệ, nhân tôm thịt và giá đỗ, được cuốn cùng rau sống và chấm nước mắm chua ngọt. Hương vị thơm ngon, giòn béo của bánh xèo khiến ai cũng yêu thích.', 0.5, 0.5, 4, NULL, NULL, 0),
(15, 2, 'chef4', 'Bún bò Huế', 'Bún bò Huế là món bún nổi tiếng của Huế với nước dùng cay thơm từ sả, mắm ruốc và ớt. Bát bún bò đầy đặn gồm thịt bò, giò heo, chả cua, ăn kèm rau sống và chút chanh ớt rất đậm đà.', 1.0, 3.0, 6, NULL, NULL, 0),
(16, 2, 'admin', 'Cá kho tộ', 'Cá kho tộ là món cá kho truyền thống của Việt Nam, thường dùng cá basa hoặc cá lóc kho trong nồi đất với nước mắm và đường thắng. Thịt cá thấm vị mặn ngọt, ăn kèm cơm trắng rất đưa cơm.', 0.3, 0.7, 4, NULL, NULL, 0),
(17, 2, 'chef1', 'Gà kho gừng', 'Gà kho gừng là món ăn đậm vị với thịt gà được kho săn chắc cùng gừng thái sợi và nước mắm, đường. Vị cay ấm của gừng thấm vào thịt gà, ăn cùng cơm nóng rất ngon miệng.', 0.2, 0.5, 4, NULL, NULL, 0),
(18, 2, 'chef2', 'Canh chua cá lóc', 'Canh chua cá lóc là món canh truyền thống Nam Bộ với vị chua thanh từ me, thơm từ dứa và ngọt thịt cá lóc. Bát canh chua kết hợp cá, dọc mùng, giá, cà chua và các loại rau thơm tạo nên hương vị hài hòa, giải nhiệt.', 0.3, 0.3, 4, NULL, NULL, 0),
(19, 2, 'chef3', 'Lẩu Thái', 'Lẩu Thái là món lẩu chua cay nổi tiếng với nước dùng từ sả, ớt, lá chanh và riềng, kết hợp vị chua của nước cốt chanh. Lẩu thường có tôm, mực, nghêu cùng các loại rau, là món chính lý tưởng cho những buổi họp mặt.', 0.5, 0.5, 6, NULL, NULL, 0),
(20, 2, 'chef4', 'Gà nướng mật ong', 'Gà nướng mật ong có lớp da vàng óng, thịt mềm thấm vị ngọt nhẹ của mật ong và thơm mùi tỏi. Món gà nướng này rất đưa cơm và thường được dùng làm món chính trong bữa cơm gia đình hoặc tiệc.', 0.5, 1.0, 4, NULL, NULL, 0),
(21, 2, 'admin', 'Bò kho', 'Bò kho là món thịt bò hầm mềm với cà rốt trong nước sốt đậm đà thơm mùi sả, quế và hồi. Món bò kho thường được ăn kèm bánh mì hoặc hủ tiếu, là món chính bổ dưỡng và rất được ưa thích.', 0.5, 2.0, 5, NULL, NULL, 0),
(22, 2, 'chef1', 'Miến xào cua', 'Miến xào cua là món xào thơm ngon kết hợp giữa miến dong dai mềm với thịt cua thơm ngọt. Món ăn còn có nấm, rau cải, cà rốt thêm màu sắc, thích hợp làm món chính đổi vị cho bữa ăn gia đình.', 0.3, 0.3, 4, NULL, NULL, 0),
(23, 2, 'chef2', 'Xôi mặn', 'Xôi mặn là món xôi thập cẩm với xôi nếp dẻo ăn kèm nhiều loại nhân mặn như lạp xưởng, chả lụa, trứng, chà bông. Món xôi thơm ngon, đủ chất này thường dùng làm bữa sáng hoặc bữa chính đơn giản.', 0.4, 0.6, 4, NULL, NULL, 0),
(24, 2, 'chef3', 'Mì Quảng', 'Mì Quảng là đặc sản Quảng Nam với sợi mì làm từ bột gạo dai ngon, dùng với nước lèo xâm xấp từ tôm, thịt, trứng. Tô mì Quảng đầy màu sắc có rau sống, đậu phộng rang và bánh tráng mè nướng, mang hương vị khó quên.', 0.5, 1.0, 4, NULL, NULL, 0),
(25, 2, 'chef4', 'Cao lầu', 'Cao lầu là món mỳ độc đáo của Hội An với sợi mỳ vàng dai kết hợp thịt xá xíu và tóp mỡ. Tô cao lầu được trộn cùng rau sống, giá đỗ và một chút nước xíu đậm đà, tạo nên hương vị rất riêng của phố Hội.', 0.5, 1.0, 4, NULL, NULL, 0),
(26, 3, 'admin', 'Chè đậu đen', 'Chè đậu đen là món chè truyền thống với đậu đen ninh nhừ, thêm đường ngọt lịm và nước cốt dừa béo ngậy. Chè đậu đen thanh mát thường được ăn kèm đá, là món tráng miệng giải nhiệt mùa hè.', 0.5, 1.5, 4, NULL, NULL, 0),
(27, 3, 'chef1', 'Chè chuối', 'Chè chuối là món chè dân dã với chuối sứ chín nấu cùng nước cốt dừa và trân châu nhỏ. Vị ngọt của chuối hòa quyện với nước cốt dừa béo ngậy, thêm chút lạc rang giòn bùi, tạo nên món tráng miệng thơm ngon.', 0.2, 0.3, 4, NULL, NULL, 0),
(28, 3, 'chef2', 'Bánh flan', 'Bánh flan (caramen) là món tráng miệng phổ biến làm từ trứng và sữa được hấp chín với lớp caramel. Bánh flan mềm mịn, ngọt dịu, thường được dùng lạnh, có thể ăn kèm cà phê đen hoặc đá bào.', 0.3, 0.5, 6, NULL, NULL, 0),
(29, 3, 'chef3', 'Chè ba màu', 'Chè ba màu là món chè đẹp mắt với ba tầng màu từ đậu đỏ, đậu xanh và thạch lá dứa, ăn cùng nước cốt dừa. Vị bùi của các loại đậu kết hợp với vị béo của nước dừa tạo nên món tráng miệng thanh mát, hấp dẫn.', 0.5, 1.0, 4, NULL, NULL, 0),
(30, 3, 'chef4', 'Kem chuối', 'Kem chuối là món kem làm từ chuối xiêm chín ép dẹp, phủ nước cốt dừa và đậu phộng giã, sau đó đem đông lạnh. Món kem này mát lạnh, béo thơm vị cốt dừa, đậu phộng bùi bùi, gợi nhớ tuổi thơ của nhiều người.', 0.3, 0.1, 4, NULL, NULL, 0),
(31, 3, 'admin', 'Chè bưởi', 'Chè bưởi là món chè đặc sắc với nguyên liệu chính là cùi bưởi giòn sật kết hợp đậu xanh bùi bùi. Chè bưởi nấu với nước cốt dừa thơm béo, có vị ngọt thanh và độ giòn dai lạ miệng, là món tráng miệng rất được yêu thích.', 0.5, 1.0, 4, NULL, NULL, 0),
(32, 3, 'chef1', 'Bánh bò', 'Bánh bò là loại bánh hấp truyền thống làm từ bột gạo lên men, có hình dạng rễ tre xốp mềm. Bánh bò vị ngọt dịu, thơm mùi nước cốt dừa, thường được dùng làm món tráng miệng hoặc ăn chơi.', 0.5, 0.4, 6, NULL, NULL, 0),
(33, 3, 'chef2', 'Bánh da lợn', 'Bánh da lợn là món bánh ngọt hấp nhiều lớp có màu xanh của lá dứa và vàng của đậu xanh. Bánh dẻo dai, thơm mùi lá dứa và nước cốt dừa, vị ngọt vừa phải, thường được cắt miếng nhỏ dùng làm món tráng miệng.', 0.5, 1.0, 8, NULL, NULL, 0),
(34, 3, 'chef3', 'Sương sáo cốt dừa', 'Sương sáo cốt dừa là món thạch đen (sương sáo) ăn kèm nước cốt dừa và đá lạnh. Vị thạch sương sáo dai giòn kết hợp nước cốt dừa ngọt béo, thêm chút đá mát lạnh, tạo thành món tráng miệng giải nhiệt lý tưởng.', 0.1, 0.2, 4, NULL, NULL, 0),
(35, 3, 'chef4', 'Bánh trôi nước', 'Bánh trôi nước là món bánh truyền thống với viên bột nếp nhân đậu xanh nấu trong nước đường gừng. Viên bánh trôi mềm dẻo, nhân ngọt bùi, nước đường thơm mùi gừng, thường được dùng như món tráng miệng ấm nóng.', 0.4, 0.3, 6, NULL, NULL, 0),
(36, 4, 'admin', 'Trà chanh', 'Trà chanh là thức uống giải khát quen thuộc, kết hợp giữa trà và nước cốt chanh tươi cùng đường. Vị chua nhẹ của chanh hòa với vị trà thanh mát, thêm đá lạnh, rất thích hợp để giải nhiệt ngày nóng.', 0.1, 0.1, 4, NULL, NULL, 0),
(37, 4, 'chef1', 'Cà phê sữa đá', 'Cà phê sữa đá là thức uống đặc trưng của Việt Nam, pha từ cà phê phin đậm đặc cùng sữa đặc có đường. Ly cà phê sữa đá thơm lừng, vị ngọt béo và đắng hài hòa, thêm đá mát lạnh là lựa chọn tuyệt vời để tỉnh táo và sảng khoái.', 0.2, 0.1, 1, NULL, NULL, 0),
(38, 4, 'chef2', 'Sinh tố bơ', 'Sinh tố bơ là thức uống bổ dưỡng và thơm ngon làm từ quả bơ xay nhuyễn cùng sữa. Ly sinh tố bơ sánh mịn, vị béo ngậy tự nhiên của bơ kết hợp sữa ngọt dịu, thêm đá xay mát lạnh rất hấp dẫn.', 0.2, 0.1, 2, NULL, NULL, 0),
(39, 4, 'chef3', 'Chanh muối', 'Chanh muối là thức uống truyền thống giúp giải khát và tốt cho tiêu hóa. Chanh muối được làm từ chanh ướp muối lên men, khi pha với nước đường và đá tạo thành ly nước chanh muối có vị mặn ngọt hài hòa, rất sảng khoái.', 0.1, 0.0, 1, NULL, NULL, 0),
(40, 4, 'chef4', 'Sữa đậu nành', 'Sữa đậu nành là thức uống bổ dưỡng làm từ hạt đậu nành xay nhuyễn lọc lấy nước rồi nấu chín. Ly sữa đậu nành thơm ngậy mùi đậu, có thể uống nóng hoặc lạnh, thường được thêm đường tùy khẩu vị.', 0.4, 0.5, 4, NULL, NULL, 0),
(41, 5, 'admin', 'Bắp xào', 'Bắp xào là món ăn vặt quen thuộc làm từ hạt bắp (ngô) xào cùng bơ và tôm khô. Món bắp xào có vị ngọt của ngô, thơm béo của bơ, đậm đà của tôm khô, thường được rắc thêm hành lá và ăn nóng rất ngon.', 0.1, 0.2, 2, NULL, NULL, 0),
(42, 5, 'chef1', 'Bánh tráng trộn', 'Bánh tráng trộn là món ăn vặt đường phố nổi tiếng, gồm bánh tráng cắt sợi trộn với xoài xanh, tôm khô, trứng cút, rau răm, đậu phộng và nước sốt chua cay. Hương vị chua, cay, mặn, ngọt hoà quyện khiến món ăn này rất hấp dẫn giới trẻ.', 0.3, 0.0, 2, NULL, NULL, 0),
(43, 5, 'chef2', 'Bánh tráng nướng', 'Bánh tráng nướng được ví như "pizza Việt Nam" với lớp bánh tráng nướng giòn rụm phủ trứng, hành, ruốc và sốt. Khi chín, bánh tráng vàng giòn, vị béo của trứng và mayo, đậm đà của ruốc hoà quyện, trở thành món ăn vặt khoái khẩu.', 0.1, 0.1, 1, NULL, NULL, 0),
(44, 5, 'chef3', 'Khoai tây chiên', 'Khoai tây chiên là món ăn vặt phổ biến toàn thế giới với những thanh khoai tây được chiên vàng giòn. Khoai tây chiên nóng hổi, rắc chút muối hoặc bột phô mai, chấm cùng tương cà hay tương ớt đều rất hấp dẫn.', 0.2, 0.2, 2, NULL, NULL, 0),
(45, 5, 'chef4', 'Bánh gối', 'Bánh gối là món bánh chiên có hình bán nguyệt giống chiếc gối, vỏ bánh giòn rụm bao bọc nhân thịt, miến, mộc nhĩ, trứng cút. Bánh gối nóng hổi vàng ruộm, chấm nước mắm chua ngọt, là món ăn vặt khoái khẩu của nhiều người.', 0.5, 0.3, 4, NULL, NULL, 0),
(46, 5, 'admin', 'Cá viên chiên', 'Cá viên chiên là món ăn vặt đường phố phổ biến với những viên cá xay chiên ngập dầu đến vàng giòn. Cá viên thường được xiên que, chấm kèm tương ớt hoặc sốt me chua ngọt, trở thành món ăn chơi yêu thích của giới trẻ.', 0.1, 0.2, 4, NULL, NULL, 0),
(47, 5, 'chef1', 'Bò bía', 'Bò bía (bò bía mặn) là món cuốn gồm bánh tráng cuốn nhân củ sắn xào trứng, lạp xưởng và tôm khô. Cuốn bò bía chấm với tương đậu phộng ngọt cay tạo nên món ăn vặt hài hòa hương vị, rất được yêu thích.', 0.4, 0.2, 4, NULL, NULL, 0),
(48, 5, 'chef2', 'Trứng cút lộn xào me', 'Trứng cút lộn xào me là món ăn vặt khoái khẩu với trứng cút lộn được xào trong sốt me chua ngọt. Vị chua của me, cay nhẹ của ớt, bùi béo của trứng lộn hòa quyện cùng rau răm thơm, tạo nên món ăn hấp dẫn không thể chối từ.', 0.2, 0.2, 2, NULL, NULL, 0),
(49, 5, 'chef3', 'Bánh tiêu', 'Bánh tiêu là món bánh rán phồng vàng ruộm phủ mè, bên trong rỗng ruột. Bánh có vị ngọt nhẹ, thơm mùi mè rang, ăn khi còn nóng sẽ xốp mềm bên trong và giòn vỏ ngoài, là món quà vặt gắn liền với tuổi thơ nhiều người.', 0.3, 0.2, 6, NULL, NULL, 0), 
(50, 5, 'chef4', 'Chuối chiên', 'Chuối chiên là món bánh đường phố quen thuộc, làm từ những lát chuối ép mỏng nhúng bột rồi chiên giòn. Bánh chuối chiên vàng ruộm, giòn rụm bên ngoài, bên trong chuối ngọt mềm, trở thành món ăn vặt yêu thích của bao người.', 0.2, 0.2, 4, NULL, NULL, 0);

-- Chèn dữ liệu vào bảng recipe_ingredient_details
INSERT INTO recipe_ingredient_details (id, recipe_id, ingredient_id, actual_unit_id, quantity) VALUES
(1, 1, 1, 6, 8),
(2, 1, 2, 1, 200),
(3, 1, 3, 1, 200),
(4, 1, 4, 1, 100),
(5, 1, 5, 1, 100),
(6, 1, 6, 4, 2),
(7, 1, 7, 4, 1),
(8, 1, 8, 11, 1),
(9, 1, 9, 5, 1),
(10, 2, 10, 6, 20),
(11, 2, 11, 1, 300),
(12, 2, 12, 8, 1),
(13, 2, 13, 1, 100),
(14, 2, 14, 1, 50),
(15, 2, 15, 1, 50),
(16, 2, 16, 5, 1),
(17, 2, 17, 8, 2),
(18, 2, 18, 7, 1),
(19, 2, 19, 7, 1),
(20, 2, 20, 2, 300),
(21, 3, 21, 1, 300),
(22, 3, 22, 8, 1),
(23, 3, 23, 1, 20),
(24, 3, 12, 8, 1),
(25, 3, 24, 5, 1),
(26, 3, 6, 4, 2),
(27, 3, 7, 4, 1),
(28, 3, 25, 4, 1),
(29, 3, 8, 11, 2),
(30, 3, 9, 5, 1),
(31, 4, 26, 1, 500),
(32, 4, 27, 1, 200),
(33, 4, 22, 8, 1),
(34, 4, 8, 11, 2),
(35, 4, 28, 1, 500),
(36, 4, 29, 2, 100),
(37, 4, 19, 7, 1),
(38, 4, 18, 7, 1),
(39, 4, 30, 1, 20),
(40, 5, 31, 1, 200),
(41, 5, 16, 5, 2),
(42, 5, 32, 6, 1),
(43, 5, 33, 1, 50),
(44, 5, 28, 1, 800),
(45, 5, 19, 7, 1),
(46, 5, 18, 7, 1),
(47, 5, 23, 1, 10),
(48, 6, 27, 1, 300),
(49, 6, 12, 1, 100),
(50, 6, 36, 1, 100),
(51, 6, 16, 5, 2),
(52, 6, 37, 1, 150),
(53, 6, 38, 1, 50),
(54, 6, 39, 1, 5),
(55, 6, 19, 7, 1),
(56, 6, 18, 7, 1),
(57, 7, 40, 5, 2),
(58, 7, 41, 1, 50),
(59, 7, 42, 1, 20),
(60, 7, 43, 1, 30),
(61, 7, 6, 4, 2),
(62, 7, 7, 4, 2),
(63, 7, 24, 5, 1),
(64, 7, 8, 11, 2),
(65, 7, 9, 5, 1),
(66, 8, 44, 1, 200),
(67, 8, 34, 1, 50),
(68, 8, 11, 1, 200),
(69, 8, 14, 1, 30),
(70, 8, 17, 8, 2),
(71, 8, 28, 2, 500),
(72, 8, 20, 4, 2),
(73, 8, 6, 4, 3),
(74, 8, 7, 4, 1),
(75, 8, 25, 4, 1),
(76, 8, 9, 5, 1),
(77, 9, 45, 1, 1),
(78, 9, 41, 1, 100),
(79, 9, 42, 1, 20),
(80, 9, 23, 1, 20),
(81, 9, 43, 1, 30),
(82, 9, 8, 11, 2),
(83, 9, 9, 5, 1),
(84, 9, 6, 4, 2),
(85, 9, 7, 4, 2),
(86, 9, 24, 5, 1),
(87, 10, 46, 1, 100),
(88, 10, 12, 5, 2),
(89, 10, 47, 1, 1),
(90, 10, 22, 8, 0.5),
(91, 10, 48, 4, 2),
(92, 10, 25, 4, 1),
(93, 10, 19, 7, 1),
(94, 10, 18, 7, 1),
(95, 11, 55, 1, 1),
(96, 11, 56, 1, 2),
(97, 11, 57, 1, 500),
(98, 11, 22, 8, 2),
(99, 11, 50, 1, 50),
(100, 11, 51, 6, 2),
(101, 11, 52, 6, 5),
(102, 11, 53, 6, 5),
(103, 11, 54, 1, 20),
(104, 11, 6, 4, 3),
(105, 11, 19, 4, 1),  -- Muối measured by muỗng canh in phở
(106, 11, 48, 1, 50),
(107, 11, 58, 1, 30),
(108, 12, 59, 1, 1),
(109, 12, 3, 1, 300),
(110, 12, 60, 1, 300),
(111, 12, 6, 4, 4),
(112, 12, 7, 4, 3),
(113, 12, 49, 4, 1),
(114, 12, 17, 8, 3),
(115, 12, 8, 11, 4),
(116, 12, 9, 5, 0),
(117, 12, 62, 1, 0.5),
(118, 12, 12, 8, 0.5),
(119, 12, 25, 4, 2),
(120, 12, 23, 1, 200),
(121, 13, 63, 1, 400),
(122, 13, 64, 6, 4),
(123, 13, 6, 4, 3),
(124, 13, 7, 4, 2),
(125, 13, 8, 11, 3),
(126, 13, 65, 1, 2),
(127, 13, 17, 8, 3),
(128, 13, 8, 11, 3),
(129, 13, 65, 9, 2),
(130, 13, 66, 1, 1),
(131, 13, 67, 1, 1),
(132, 13, 68, 1, 1),
(133, 13, 69, 1, 100),
(134, 13, 47, 5, 1),
(135, 13, 48, 4, 2),
(136, 14, 44, 1, 200),
(137, 14, 70, 1, 1),
(138, 14, 71, 2, 200),
(139, 14, 2, 1, 200),
(140, 14, 3, 1, 200),
(141, 14, 45, 1, 150),
(142, 14, 48, 4, 3),
(143, 14, 7, 4, 1),
(144, 14, 25, 4, 1),
(145, 14, 20, 2, 50),
(146, 14, 19, 7, 1),
(147, 15, 72, 1, 1),
(148, 15, 56, 1, 1000),
(149, 15, 73, 1, 500),
(150, 15, 74, 6, 1),
(151, 15, 75, 1, 200),
(152, 15, 65, 9, 5),
(153, 15, 76, 1, 2),
(154, 15, 77, 1, 2),
(155, 15, 6, 4, 2),
(156, 15, 19, 7, 1),
(157, 15, 7, 4, 1),
(158, 15, 80, 1, 300),
(159, 16, 78, 1, 600),
(160, 16, 3, 1, 100),
(161, 16, 6, 4, 3),
(162, 16, 7, 4, 2),
(163, 16, 18, 7, 1),
(164, 16, 8, 11, 3),
(165, 16, 9, 5, 2),
(166, 16, 49, 4, 1),
(167, 16, 7, 4, 2),
(168, 16, 43, 1, 2),
(169, 16, 9, 5, 2),
(170, 17, 21, 1, 500),
(171, 17, 50, 1, 50),
(172, 17, 6, 4, 2),
(173, 17, 7, 4, 1),
(174, 17, 18, 9, 1),
(175, 17, 17, 8, 2),
(176, 17, 8, 11, 2),
(177, 17, 9, 5, 1),
(178, 18, 79, 1, 1),
(179, 18, 76, 1, 50),
(180, 18, 47, 5, 0.5),
(181, 18, 12, 5, 2),
(182, 18, 78, 9, 2),
(183, 18, 45, 1, 100),
(184, 18, 74, 6, 5),
(185, 18, 80, 1, 20),
(186, 18, 6, 4, 2),
(187, 18, 19, 7, 1),
(188, 18, 7, 4, 1),
(189, 18, 8, 11, 2),
(190, 19, 2, 1, 300),
(191, 19, 85, 1, 300),
(192, 19, 84, 1, 500),
(193, 19, 56, 1, 1000),
(194, 19, 65, 9, 5),
(195, 19, 81, 1, 50),
(196, 19, 82, 6, 5),
(197, 19, 83, 4, 3),
(198, 19, 9, 5, 3),
(199, 19, 6, 4, 2),
(200, 19, 7, 4, 1),
(201, 19, 80, 1, 500),
(202, 20, 86, 6, 4),
(203, 20, 66, 4, 3),
(204, 20, 8, 11, 3),
(205, 20, 67, 4, 2),
(206, 20, 19, 7, 1),
(207, 20, 18, 3, 1),
(208, 20, 20, 4, 1),
(209, 21, 57, 1, 800),
(210, 21, 12, 8, 2),
(211, 21, 65, 9, 3),
(212, 21, 52, 1, 1),
(213, 21, 89, 2, 500),
(214, 21, 27, 1, 200),
(215, 21, 12, 8, 3),
(216, 21, 8, 11, 3),
(217, 21, 6, 4, 2),
(218, 21, 7, 4, 1),
(219, 22, 15, 1, 200),
(220, 22, 31, 1, 200),
(221, 22, 12, 8, 1),
(222, 22, 90, 1, 100),
(223, 22, 14, 1, 50),
(224, 22, 91, 1, 100),
(225, 22, 48, 4, 2),
(226, 22, 6, 4, 1),
(227, 22, 7, 7, 1),
(228, 22, 20, 4, 2),
(229, 23, 92, 1, 500),
(230, 23, 93, 1, 2),
(231, 23, 46, 1, 100),
(232, 23, 16, 5, 2),
(233, 23, 41, 1, 30),
(234, 23, 17, 8, 5),
(235, 23, 48, 4, 2),
(236, 23, 68, 4, 2),
(237, 23, 20, 4, 2),
(238, 23, 43, 1, 50),
(239, 24, 95, 1, 500),
(240, 24, 3, 1, 300),
(241, 24, 2, 1, 200),
(242, 24, 96, 5, 10),
(243, 24, 97, 1, 20),
(244, 24, 98, 1, 1),
(245, 24, 6, 4, 2),
(246, 24, 43, 1, 50),
(247, 24, 17, 8, 3),
(248, 24, 6, 4, 2),
(249, 25, 94, 1, 400),
(250, 25, 91, 1, 300),
(251, 25, 6, 4, 3),
(252, 25, 99, 4, 3),
(253, 25, 23, 1, 100),
(254, 25, 69, 1, 50),
(255, 25, 8, 11, 2),
(256, 25, 17, 8, 2),
(257, 25, 7, 7, 1),
(258, 25, 18, 7, 1),
(259, 25, 6, 4, 1),
(260, 26, 100, 1, 300),
(261, 26, 7, 1, 200),
(262, 26, 71, 2, 200),
(263, 26, 19, 7, 1),
(264, 27, 101, 1, 50),
(265, 27, 7, 1, 100),
(266, 27, 71, 2, 400),
(267, 27, 19, 7, 1),
(268, 27, 43, 1, 30),
(269, 28, 16, 5, 6),
(270, 28, 103, 2, 500),
(271, 28, 104, 2, 100),
(272, 28, 7, 1, 100),
(273, 28, 114, 2, 50),
(274, 29, 105, 1, 100),
(275, 29, 106, 1, 100),
(276, 29, 34, 1, 5),
(277, 29, 108, 6, 10),
(278, 29, 7, 1, 150),
(279, 29, 71, 2, 200),
(280, 29, 19, 7, 1),
(281, 30, 109, 1, 6),
(282, 30, 71, 2, 300),
(283, 30, 104, 4, 3),
(284, 30, 43, 1, 50),
(285, 30, 110, 1, 50),
(286, 31, 111, 1, 200),
(287, 31, 106, 1, 100),
(288, 31, 7, 1, 200),
(289, 31, 34, 1, 50),
(290, 31, 71, 2, 200),
(291, 31, 19, 7, 1),
(292, 32, 44, 1, 300),
(293, 32, 34, 1, 50),
(294, 32, 112, 1, 5),
(295, 32, 7, 1, 200),
(296, 32, 71, 2, 250),
(297, 32, 19, 7, 1),
(298, 33, 34, 1, 200),
(299, 33, 44, 1, 50),
(300, 33, 106, 1, 100),
(301, 33, 108, 6, 10),
(302, 33, 7, 1, 200),
(303, 33, 71, 2, 300),
(304, 33, 19, 7, 1),
(305, 34, 113, 1, 50),
(306, 34, 114, 14, 1),
(307, 34, 7, 1, 100),
(308, 34, 71, 2, 200),
(309, 34, 19, 7, 1),
(310, 35, 143, 1, 400),
(311, 35, 106, 1, 150),
(312, 35, 7, 1, 200),
(313, 35, 50, 1, 30),
(314, 35, 110, 1, 50),
(315, 35, 43, 1, 20),
(316, 36, 118, 1, 20),
(317, 36, 24, 5, 2),
(318, 36, 7, 4, 4),
(319, 36, 114, 14, 1),
(320, 36, 122, 1, 200),
(321, 37, 121, 1, 3),
(322, 37, 114, 2, 100),
(323, 37, 104, 4, 2),
(324, 37, 122, 1, 100),
(325, 38, 123, 5, 2),
(326, 38, 103, 2, 200),
(327, 38, 104, 4, 3),
(328, 38, 122, 1, 100),
(329, 39, 119, 5, 1),
(330, 39, 7, 4, 2),
(331, 39, 124, 2, 300),
(332, 39, 122, 1, 100),
(333, 40, 120, 1, 200),
(334, 40, 114, 14, 2),
(335, 40, 108, 6, 3),
(336, 40, 7, 1, 100),
(337, 40, 19, 7, 1),
(338, 41, 125, 6, 2),
(339, 41, 41, 1, 30),
(340, 41, 30, 1, 20),
(341, 41, 48, 1, 20),
(342, 41, 7, 4, 1),
(343, 41, 6, 3, 1),  -- Bơ in grams? Actually bơ as butter, but possible double naming with Bơ fruit, could clarify
(344, 41, 19, 7, 1),
(345, 42, 1, 6, 5),
(346, 42, 40, 5, 1),
(347, 42, 41, 1, 30),
(348, 42, 96, 5, 10),
(349, 42, 23, 1, 20),
(350, 42, 43, 1, 20),
(351, 42, 126, 1, 1),
(352, 42, 127, 1, 20),
(353, 42, 6, 4, 1),
(354, 42, 7, 4, 1),
(355, 43, 1, 6, 1),
(356, 43, 96, 5, 2),
(357, 43, 48, 1, 10),
(358, 43, 41, 1, 20),
(359, 43, 37, 1, 20),
(360, 43, 128, 4, 1),
(361, 43, 129, 4, 1),
(362, 44, 27, 1, 500),
(363, 44, 20, 2, 500),
(364, 44, 19, 7, 1),
(365, 45, 115, 1, 300),
(366, 45, 11, 1, 200),
(367, 45, 14, 1, 30),
(368, 45, 15, 1, 30),
(369, 45, 12, 8, 1),
(370, 45, 17, 8, 2),
(371, 45, 18, 3, 1),
(372, 45, 20, 2, 500),
(373, 46, 133, 1, 300),
(374, 46, 34, 1, 2),
(375, 46, 132, 1, 1),
(376, 46, 18, 7, 1),
(377, 46, 20, 2, 500),
(378, 47, 1, 6, 10),
(379, 47, 134, 1, 500),
(380, 47, 12, 8, 1),
(381, 47, 16, 5, 2),
(382, 47, 135, 6, 2),
(383, 47, 41, 1, 30),
(384, 47, 136, 1, 100),
(385, 47, 137, 1, 50),
(386, 47, 138, 1, 3),
(387, 47, 43, 1, 20),
(388, 47, 8, 11, 2),
(389, 47, 20, 2, 2),
(390, 48, 142, 5, 20),
(391, 48, 139, 1, 50),
(392, 48, 7, 4, 3),
(393, 48, 6, 4, 1),
(394, 48, 8, 11, 3),
(395, 48, 9, 5, 1),
(396, 48, 23, 1, 20),
(397, 48, 20, 2, 2),
(398, 48, 50, 1, 10),
(399, 49, 115, 1, 400),
(400, 49, 7, 1, 100),
(401, 49, 112, 1, 5),
(402, 49, 114, 2, 200),
(403, 49, 43, 1, 50),
(404, 49, 117, 1, 50),
(405, 49, 20, 2, 500),
(406, 50, 109, 1, 6),
(407, 50, 115, 1, 100),
(408, 50, 44, 1, 50),
(409, 50, 7, 1, 50),
(410, 50, 19, 7, 1),
(411, 50, 20, 2, 500);

-- Chèn dữ liệu vào bảng recipe_steps
INSERT INTO recipe_steps (id, recipe_id, step_number, step_instruction) VALUES
(1, 1, 1, 'Luộc tôm và thịt ba chỉ cho chín, sau đó thái mỏng thịt.'),
(2, 1, 2, 'Nhúng bánh tráng qua nước cho mềm rồi trải ra đĩa.'),
(3, 1, 3, 'Xếp rau sống, bún, tôm, thịt lên trên bánh tráng.'),
(4, 1, 4, 'Cuộn chặt tay để gỏi cuốn không bị rơi nhân.'),
(5, 1, 5, 'Pha nước chấm chua ngọt từ nước mắm, đường, tỏi băm và ớt để ăn kèm.'),
(6, 2, 1, 'Trộn thịt heo xay với cà rốt băm nhỏ, khoai môn bào sợi, mộc nhĩ ngâm nở thái nhỏ, miến ngâm mềm cắt ngắn, hành tím băm, trứng gà, chút muối và tiêu.'),
(7, 2, 2, 'Cuốn hỗn hợp nhân vào bánh tráng thành từng cuốn nhỏ vừa ăn.'),
(8, 2, 3, 'Đun nóng dầu ăn trong chảo, thả chả giò vào chiên ngập dầu cho đến khi vàng giòn.'),
(9, 2, 4, 'Vớt chả giò ra để ráo dầu, ăn kèm với rau sống và nước mắm chua ngọt.'),
(10, 3, 1, 'Luộc chín thịt gà rồi xé thành sợi vừa ăn.'),
(11, 3, 2, 'Hành tây thái mỏng ngâm nước đá cho bớt hăng, cà rốt bào sợi.'),
(12, 3, 3, 'Pha nước trộn gồm nước mắm, đường, giấm, nước cốt chanh, tỏi băm và ớt băm.'),
(13, 3, 4, 'Trộn thịt gà, hành tây, cà rốt với nước trộn, thêm rau răm thái rối rồi bóp nhẹ cho thấm.'),
(14, 3, 5, 'Bày nộm ra đĩa, rắc thêm lạc rang (nếu có) để tăng vị bùi.'),
(15, 4, 1, 'Phi thơm tỏi và hành tây băm nhỏ với bơ trong nồi.'),
(16, 4, 2, 'Cho bí đỏ và khoai tây đã cắt miếng vào xào sơ, thêm muối và tiêu.'),
(17, 4, 3, 'Đổ nước dùng gà vào nồi, đun sôi rồi hạ lửa ninh đến khi rau củ mềm.'),
(18, 4, 4, 'Xay nhuyễn hỗn hợp súp bằng máy xay cầm tay hoặc máy xay sinh tố.'),
(19, 4, 5, 'Cho kem tươi vào khuấy đều, nêm nếm lại vừa ăn rồi tắt bếp. Múc súp ra bát và thưởng thức nóng.'),
(20, 5, 1, 'Luộc chín bắp mỹ, tách hạt. Trứng gà luộc chín, cắt nhỏ (hoặc đánh tan để tạo vân trứng trong súp).'),
(21, 5, 2, 'Đun sôi nước dùng gà, cho thịt cua, hạt bắp, nấm đông cô thái nhỏ vào nấu chung.'),
(22, 5, 3, 'Hòa tan bột năng với nước lạnh, từ từ đổ vào nồi súp khuấy đều đến khi súp sánh lại.'),
(23, 5, 4, 'Nêm muối và tiêu vừa ăn. Nếu dùng trứng đánh tan thì vừa đổ trứng vào vừa khuấy để tạo sợi trứng.'),
(24, 5, 5, 'Múc súp ra chén, rắc thêm ngò rí lên mặt và dùng nóng.'),
(25, 6, 1, 'Luộc chín khoai tây, cà rốt, trứng gà rồi để nguội. Gọt vỏ khoai tây và cà rốt, cắt hạt lựu nhỏ.'),
(26, 6, 2, 'Luộc sơ đậu Hà Lan cho chín tới, sau đó vớt ra để ráo.'),
(27, 6, 3, 'Cắt xúc xích và dưa chuột muối thành hạt lựu.'),
(28, 6, 4, 'Cho tất cả nguyên liệu đã chuẩn bị vào tô, thêm sốt mayonnaise, chút muối và tiêu rồi trộn đều.'),
(29, 6, 5, 'Bọc màng thực phẩm và để salad trong ngăn mát tủ lạnh khoảng 1 giờ trước khi dùng để hương vị ngon hơn.'),
(30, 7, 1, 'Xoài xanh gọt vỏ, bào sợi. Ngâm tôm khô cho mềm rồi vớt ra để ráo.'),
(31, 7, 2, 'Pha nước trộn gỏi: hòa nước mắm, đường, nước cốt chanh, tỏi băm và ớt băm.'),
(32, 7, 3, 'Trộn xoài bào với tôm khô, rau thơm (rau răm, húng quế tùy thích) và nước trộn gỏi.'),
(33, 7, 4, 'Bày gỏi ra đĩa, rắc đậu phộng rang giã dập lên trên trước khi thưởng thức.'),
(34, 8, 1, 'Pha bột gạo với bột năng và nước cùng chút muối, khuấy đều để bột nghỉ 30 phút.'),
(35, 8, 2, 'Phi thơm hành tím băm với dầu ăn, cho thịt heo xay và mộc nhĩ băm nhỏ vào xào chín, nêm chút mắm muối làm nhân.'),
(36, 8, 3, 'Tráng bánh: múc bột tráng mỏng trên nồi hấp hoặc chảo chống dính để chín thành bánh ướt mỏng.'),
(37, 8, 4, 'Cho nhân thịt vào và cuộn tròn bánh lại. Tiếp tục tráng cho đến khi hết bột và nhân.'),
(38, 8, 5, 'Pha nước chấm: hòa nước mắm, đường, giấm, nước và ớt băm. Ăn bánh cuốn kèm chả lụa, hành phi và nước chấm.'),
(39, 9, 1, 'Đu đủ và cà rốt gọt vỏ, bào sợi rồi ngâm nước muối loãng cho bớt nhựa, sau đó xả lại nước lạnh và để ráo.'),
(40, 9, 2, 'Pha nước mắm trộn gỏi: khuấy đều nước mắm, đường, nước cốt chanh, tỏi băm và ớt băm.'),
(41, 9, 3, 'Trộn đu đủ, cà rốt với bò khô xé nhỏ, rau thơm (rau mùi, kinh giới) cùng nước mắm trộn.'),
(42, 9, 4, 'Bày nộm ra đĩa, rắc lạc rang giã dập lên trên và thưởng thức.'),
(43, 10, 1, 'Rửa sạch xà lách, cà chua, dưa chuột. Xà lách xé nhỏ vừa ăn, cà chua bổ múi cau, dưa chuột thái lát, hành tây thái mỏng.'),
(44, 10, 2, 'Pha nước sốt: trộn dầu ô liu, giấm, một chút muối và tiêu.'),
(45, 10, 3, 'Cho rau củ vào tô lớn, rưới nước sốt dầu giấm lên rồi trộn đều nhẹ tay.'),
(46, 10, 4, 'Dọn salad ra đĩa và dùng ngay để giữ độ tươi ngon.'),
(47, 11, 1, 'Nướng thơm hành tây và gừng trên lửa, sau đó rửa sạch.'),
(48, 11, 2, 'Hầm xương bò trong nồi lớn với khoảng 5 lít nước, hớt bọt thường xuyên để nước dùng trong.'),
(49, 11, 3, 'Cho hành tây, gừng nướng và các gia vị (quế, hồi, đinh hương) vào túi vải rồi thả vào nồi nước dùng. Hầm ít nhất 3-4 giờ.'),
(50, 11, 4, 'Thêm muối, nước mắm và đường phèn vào nồi nước dùng, nêm nếm cho vừa vị.'),
(51, 11, 5, 'Chần bánh phở qua nước sôi, cho vào bát. Xếp thịt bò thái mỏng lên trên rồi chan nước dùng thật nóng. Rắc hành lá, rau mùi và hành tây thái mỏng lên, dùng kèm tương ớt và chanh.'),
(52, 12, 1, 'Thịt ba chỉ và nạc vai thái mỏng hoặc băm nhỏ. Ướp thịt với tỏi băm, hành khô băm, nước mắm, đường, tiêu và nước hàng để tạo màu, ướp ít nhất 30 phút.'),
(53, 12, 2, 'Viên một phần thịt băm thành những viên tròn dẹt làm chả băm. Phần thịt thái miếng để nguyên làm chả miếng.'),
(54, 12, 3, 'Nướng thịt trên bếp than hoặc lò nướng đến khi chín vàng và dậy mùi thơm.'),
(55, 12, 4, 'Pha nước chấm: hòa nước mắm, đường, giấm và nước ấm theo tỷ lệ vừa ăn, thêm tỏi băm và ớt. Đu đủ và cà rốt thái mỏng ngâm giấm đường cho chua ngọt rồi cho vào bát nước chấm.'),
(56, 12, 5, 'Ăn bún cùng thịt nướng, chan nước chấm kèm đu đủ cà rốt chua ngọt và rau sống.'),
(57, 13, 1, 'Rửa sườn heo, để ráo. Ướp sườn với tỏi băm, sả băm, nước mắm, đường, mật ong, dầu hào, nước tương và chút tiêu trong ít nhất 1 giờ.'),
(58, 13, 2, 'Nấu cơm tấm: vo gạo tấm và nấu với lượng nước vừa phải cho chín mềm.'),
(59, 13, 3, 'Nướng sườn trên bếp than hoặc chảo nướng đến khi chín vàng và thơm.'),
(60, 13, 4, 'Phi thơm hành lá với dầu nóng làm mỡ hành.'),
(61, 13, 5, 'Dọn cơm tấm ra đĩa, đặt sườn nướng lên trên, rưới mỡ hành. Ăn kèm đồ chua, dưa leo và chén nước mắm chua ngọt.'),
(62, 14, 1, 'Pha bột: trộn bột gạo với bột nghệ, nước cốt dừa, nước và ít muối, khuấy đều cho tan, để bột nghỉ 30 phút.'),
(63, 14, 2, 'Chuẩn bị nhân: tôm lột vỏ, thịt ba chỉ thái mỏng. Ướp tôm thịt với chút mắm, tiêu. Giá rửa sạch để ráo.'),
(64, 14, 3, 'Làm bánh: đun nóng chảo, thêm ít dầu. Đổ một vá bột tráng mỏng khắp mặt chảo.'),
(65, 14, 4, 'Khi rìa bánh se lại, cho ít tôm, thịt và giá đỗ vào một nửa bánh, thêm hành lá cắt nhỏ rồi đậy vung khoảng 1 phút.'),
(66, 14, 5, 'Mở vung, gập đôi bánh lại, rán đến khi vỏ bánh giòn vàng. Gắp bánh ra, tiếp tục làm đến khi hết bột và nhân.'),
(67, 14, 6, 'Pha nước chấm chua ngọt và dọn bánh xèo ăn kèm rau sống, cuốn bánh tráng nếu thích.'),
(68, 15, 1, 'Chặt giò heo và rửa sạch xương bò. Luộc sơ xương và giò với nước sôi rồi đổ nước đó đi để nước dùng trong.'),
(69, 15, 2, 'Hầm xương và giò heo trong nồi nước mới cùng sả đập dập, hành tím nướng, trong khoảng 2 giờ.'),
(70, 15, 3, 'Hòa mắm ruốc với nước, lọc lấy nước trong cho vào nồi nước dùng. Thêm bắp bò vào luộc chín rồi vớt ra thái lát mỏng.'),
(71, 15, 4, 'Nêm nước mắm, muối, đường cho nước dùng vừa ăn. Phi dầu với ớt sa tế rồi đổ vào nồi cho nước dùng có màu đỏ đẹp và vị cay thơm.'),
(72, 15, 5, 'Chần bún cho vào tô, xếp bắp bò, giò heo, chả cua cắt miếng vào rồi chan nước dùng sôi. Ăn kèm rau sống và thêm ớt sa tế nếu thích cay.'),
(73, 16, 1, 'Ướp cá với nước mắm, đường, tiêu, tỏi băm và hành tím băm trong 30 phút.'),
(74, 16, 2, 'Thắng nước màu (hoặc dùng sẵn) rồi cho thịt ba chỉ thái miếng vào xào săn.'),
(75, 16, 3, 'Xếp cá đã ướp vào nồi (tốt nhất là nồi đất), thêm nước xâm xấp mặt cá, đun sôi rồi hạ nhỏ lửa kho liu riu.'),
(76, 16, 4, 'Thêm ớt cắt lát vào nồi, kho đến khi nước kho sền sệt, cá thấm gia vị.'),
(77, 16, 5, 'Rắc hành lá cắt khúc lên trên rồi tắt bếp. Dọn cá kho tộ ra dĩa, ăn kèm cơm trắng.'),
(78, 17, 1, 'Thịt gà chặt miếng vừa ăn, ướp với nước mắm, đường, tiêu, tỏi băm, hành tím băm trong 20 phút.'),
(79, 17, 2, 'Gừng gọt vỏ, thái sợi. Phi thơm gừng với dầu ăn trong nồi đất hoặc chảo sâu lòng.'),
(80, 17, 3, 'Cho thịt gà đã ướp vào xào săn với gừng. Thêm ớt cắt lát (nếu ăn cay).'),
(81, 17, 4, 'Đậy nắp kho nhỏ lửa cho gà chín mềm và thấm gia vị, nếu cạn nước có thể thêm chút nước sôi.'),
(82, 17, 5, 'Khi gà đã chín và nước kho sền sệt, nêm nếm lại vừa ăn rồi tắt bếp. Dọn gà kho gừng ra đĩa, ăn nóng với cơm.'),
(83, 18, 1, 'Cá lóc làm sạch, cắt khúc. Ướp cá với chút muối và nước mắm trong 15 phút.'),
(84, 18, 2, 'Me chua dầm với nước nóng lấy cốt me chua. Dứa cắt miếng vừa, cà chua bổ múi cau, bạc hà tước vỏ thái xéo, đậu bắp cắt khúc.'),
(85, 18, 3, 'Phi thơm hành tỏi băm, cho nước vào đun sôi, cho nước cốt me vào làm nước canh có vị chua.'),
(86, 18, 4, 'Thả cá lóc vào nồi canh, nấu sôi rồi hớt bọt. Tiếp đến cho dứa, cà chua, đậu bắp, bạc hà vào nấu chín.'),
(87, 18, 5, 'Nêm nước mắm, muối, đường vừa ăn. Cuối cùng cho giá đỗ vào, tắt bếp. Múc canh ra tô, thêm rau thơm (ngò om, ngổ) lên trên và thưởng thức.'),
(88, 19, 1, 'Hầm xương heo với khoảng 3 lít nước để làm nước dùng, thường xuyên vớt bọt cho nước trong.'),
(89, 19, 2, 'Cho sả đập dập, riềng thái lát, lá chanh, ớt vào nồi nước dùng, nấu cho ra hết hương thơm và vị cay.'),
(90, 19, 3, 'Nêm nước mắm, muối, đường và nước cốt chanh vào nước dùng sao cho có vị chua cay mặn ngọt hài hòa.'),
(91, 19, 4, 'Chuẩn bị các loại hải sản: tôm rửa sạch, mực làm sạch cắt miếng, nghêu ngâm nước cho nhả cát.'),
(92, 19, 5, 'Khi ăn, đặt nồi lẩu lên bếp, nước dùng sôi thì cho tôm, mực, nghêu và các loại rau, nấm vào nhúng cho chín rồi thưởng thức nóng.'),
(93, 20, 1, 'Rửa sạch đùi gà, để ráo rồi khía vài đường trên da để thấm gia vị.'),
(94, 20, 2, 'Ướp gà với tỏi băm, mật ong, nước tương, dầu hào, muối và tiêu ít nhất 30 phút (tốt nhất 2 giờ cho thấm).'),
(95, 20, 3, 'Làm nóng lò nướng ở 180°C. Xếp gà lên khay có lót giấy bạc, phết thêm lớp nước ướp lên da gà.'),
(96, 20, 4, 'Nướng gà khoảng 40-45 phút đến khi chín vàng, thỉnh thoảng mở lò phết thêm nước ướp để gà không bị khô.'),
(97, 20, 5, 'Gắp gà ra đĩa, trang trí rau thơm nếu thích. Món này ăn nóng cùng cơm hoặc bánh mì đều ngon.'),
(98, 21, 1, 'Thịt bò rửa sạch, cắt miếng vuông vừa ăn. Ướp thịt bò với gói gia vị bò kho, sả đập dập, tỏi băm, hành tím băm, nước mắm, đường trong 30 phút.'),
(99, 21, 2, 'Phi thơm tỏi hành, cho thịt bò đã ướp vào xào săn.'),
(100, 21, 3, 'Đổ nước dừa tươi và thêm nước lọc cho ngập mặt thịt, đun sôi rồi hầm nhỏ lửa khoảng 1 tiếng.'),
(101, 21, 4, 'Cho cà rốt và khoai tây cắt khúc vào ninh tiếp đến khi mềm. Nêm nếm lại muối cho vừa ăn.'),
(102, 21, 5, 'Múc bò kho ra bát, rắc tiêu và ngò gai. Món này ăn nóng kèm bánh mì hoặc hủ tiếu đều ngon.'),
(103, 22, 1, 'Ngâm miến với nước ấm cho mềm rồi cắt ngắn vừa ăn.'),
(104, 22, 2, 'Cà rốt thái sợi, nấm hương ngâm mềm, cải thìa cắt khúc. Tỏi băm nhỏ.'),
(105, 22, 3, 'Phi thơm tỏi trong chảo dầu, cho thịt cua vào xào sơ, thêm dầu hào và chút nước mắm cho thấm rồi xúc ra để riêng.'),
(106, 22, 4, 'Cho cà rốt và nấm vào xào, kế đến cho miến vào đảo đều. Nêm thêm dầu hào nếu cần. Cuối cùng cho cải thìa và thịt cua vào xào cùng, nêm tiêu.'),
(107, 22, 5, 'Khi các nguyên liệu chín tới, tắt bếp, thêm hành lá cắt khúc vào đảo đều rồi dọn ra đĩa.'),
(108, 23, 1, 'Ngâm gạo nếp trong nước 3-4 giờ, sau đó vo sạch và đồ xôi chín dẻo.'),
(109, 23, 2, 'Lạp xưởng hấp chín rồi thái lát xéo mỏng. Trứng gà tráng mỏng thái sợi. Chả lụa thái sợi.'),
(110, 23, 3, 'Phi thơm hành tím băm với dầu, cho tôm khô đã ngâm mềm vào xào với chút nước tương cho đậm vị.'),
(111, 23, 4, 'Trộn hành lá thái nhỏ với dầu nóng làm mỡ hành.'),
(112, 23, 5, 'Xới xôi ra đĩa, xếp lạp xưởng, chả lụa, trứng, tôm khô lên trên. Rưới mỡ hành và rắc chà bông lên đều khắp mặt xôi rồi thưởng thức.'),
(113, 24, 1, 'Ướp thịt heo và tôm với hành tỏi băm, nước mắm, nghệ tươi giã nhuyễn trong 20 phút.'),
(114, 24, 2, 'Phi thơm hành tỏi với dầu điều, cho thịt heo vào xào săn, tiếp đó cho tôm vào đảo đến khi chuyển màu.'),
(115, 24, 3, 'Đổ nước xâm xấp mặt thịt, thêm trứng cút đã luộc chín và bóc vỏ vào, nêm nếm vừa ăn và đun nhỏ lửa khoảng 15 phút cho thấm.'),
(116, 24, 4, 'Trụng mì Quảng cho mềm rồi chia ra tô. Múc thịt, tôm, trứng cùng nước lèo (chỉ xăm xắp) chan lên mì.'),
(117, 24, 5, 'Thêm rau sống, rắc đậu phộng rang và bẻ bánh tráng nướng ăn cùng. Trộn đều và thưởng thức.'),
(118, 25, 1, 'Thịt heo ướp với tỏi băm, hành băm, ngũ vị hương, nước tương, đường, muối, tiêu trong 30 phút rồi đem quay hoặc nướng chín, thái lát mỏng (xá xíu).'),
(119, 25, 2, 'Trụng mì cao lầu cho mềm, để ráo. Trộn mì với một ít nước sốt xá xíu (nước thịt tiết ra khi nướng) để có vị đậm.'),
(120, 25, 3, 'Chần giá đỗ qua nước sôi. Chuẩn bị tô, cho rau sống và giá đỗ xuống dưới, gắp mì lên trên.'),
(121, 25, 4, 'Xếp thịt xá xíu lên mặt tô mì, chan thêm vài muỗng nước xíu (nước nấu thịt) cho món ăn không bị khô.'),
(122, 25, 5, 'Thêm bánh đa (hoặc miếng mì chiên giòn) lên trên cùng để tăng độ giòn. Trộn đều cao lầu trước khi ăn.'),
(123, 26, 1, 'Ngâm đậu đen trong nước vài tiếng, đãi sạch rồi cho vào nồi ninh nhừ cùng một ít muối.'),
(124, 26, 2, 'Khi đậu mềm, cho đường vào nấu cùng, khuấy nhẹ tay cho đường tan và ngấm vào đậu.'),
(125, 26, 3, 'Nấu thêm khoảng 10 phút cho chè sánh lại rồi tắt bếp. Thêm một ít vani cho thơm (nếu có).'),
(126, 26, 4, 'Múc chè ra cốc, chan thêm nước cốt dừa lên trên. Chè đậu đen có thể ăn nóng hoặc thêm đá lạnh đều ngon.'),
(127, 27, 1, 'Chuối bóc vỏ, cắt khúc vừa ăn.'),
(128, 27, 2, 'Nấu nước cốt dừa với nước lọc (khoảng 200ml) trong nồi, thêm đường và một chút muối, khuấy đều.'),
(129, 27, 3, 'Khi nước cốt dừa sôi lăn tăn, cho chuối vào nấu trên lửa nhỏ. Đồng thời, ngâm bột báng 10 phút rồi cho vào nồi nấu cùng cho đến khi bột báng trong.'),
(130, 27, 4, 'Khi chuối mềm và chè sánh lại, tắt bếp. Múc chè ra bát, rắc đậu phộng rang giã dập lên trên và dùng nóng hoặc lạnh tùy thích.'),
(131, 28, 1, 'Làm caramel: đun 100g đường với 50ml nước trên chảo đến khi đường chuyển màu cánh gián. Đổ caramel vào đáy các khuôn bánh.'),
(132, 28, 2, 'Đánh tan trứng gà trong tô. Đun sữa tươi và sữa đặc tới khi ấm nóng rồi đổ từ từ vào trứng, khuấy nhẹ để hỗn hợp hòa quyện (không tạo bọt).'),
(133, 28, 3, 'Lọc hỗn hợp sữa trứng qua rây cho mịn, sau đó rót vào các khuôn đã tráng caramel.'),
(134, 28, 4, 'Đậy kín khuôn bằng giấy bạc hoặc nắp, hấp cách thủy khoảng 30 phút đến khi flan đông lại.'),
(135, 28, 5, 'Để bánh flan nguội rồi cho vào tủ lạnh. Khi ăn, úp ngược khuôn ra đĩa để bánh flan rơi ra, rưới cà phê hoặc thêm đá tùy thích.'),
(136, 29, 1, 'Nấu đậu đỏ với nước và ít muối cho mềm, thêm đường vào vừa ngọt rồi để nguội.'),
(137, 29, 2, 'Nấu đậu xanh với nước cho nhừ, tán nhuyễn thành chè đậu xanh đặc, thêm đường cho vừa ngọt.'),
(138, 29, 3, 'Lá dứa xay nhuyễn vắt lấy nước cốt. Nấu bột rau câu với nước, thêm nước cốt lá dứa và đường để làm thạch xanh. Đổ ra khay cho đông rồi cắt sợi.'),
(139, 29, 4, 'Khi ăn, múc chè đậu đỏ, chè đậu xanh vào ly, thêm thạch lá dứa lên trên. Chan nước cốt dừa và thêm đá bào (nếu muốn) rồi thưởng thức.'),
(140, 30, 1, 'Chuối xiêm bóc vỏ, bổ đôi theo chiều dọc rồi ép dẹt (có thể ép giữa 2 miếng túi nilon).'),
(141, 30, 2, 'Trộn nước cốt dừa với sữa đặc. Đậu phộng rang chín, giã dập; dừa nạo chuẩn bị sẵn.'),
(142, 30, 3, 'Trải miếng chuối ép lên màng bọc thực phẩm, phết hỗn hợp nước cốt dừa sữa đặc lên mặt, rắc đậu phộng giã và dừa nạo.'),
(143, 30, 4, 'Gấp màng bọc thực phẩm lại cho kín, cho vào ngăn đá tủ lạnh ít nhất 4 giờ cho kem chuối đông cứng.'),
(144, 30, 5, 'Khi ăn, lấy kem chuối ra, bóc lớp màng bọc và thưởng thức ngay.'),
(145, 31, 1, 'Cùi bưởi lọc bỏ lớp vỏ xanh, chỉ lấy phần trắng, thái hạt lựu. Ngâm cùi bưởi với nước muối rồi xả kỹ nhiều lần cho hết vị đắng, vắt ráo.'),
(146, 31, 2, 'Ướp cùi bưởi với đường rồi sên trên chảo đến khi cùi trong. Trộn cùi với bột năng khô cho áo đều.'),
(147, 31, 3, 'Luộc cùi bưởi đã áo bột trong nước sôi đến khi nổi lên thì vớt ra ngâm nước lạnh cho giòn.'),
(148, 31, 4, 'Đậu xanh ngâm mềm, hấp chín. Nấu nước đường, cho đậu xanh và cùi bưởi vào, khuấy chút bột năng với nước rồi đổ vào nồi chè cho sánh nhẹ, tắt bếp.'),
(149, 31, 5, 'Múc chè ra bát, chan nước cốt dừa lên trên và thưởng thức.'),
(150, 32, 1, 'Hòa tan đường với nước ấm và men nở, để khoảng 5-10 phút cho men hoạt động.'),
(151, 32, 2, 'Trộn bột gạo và bột năng trong âu, đổ hỗn hợp men và nước cốt dừa vào, khuấy đều thành hỗn hợp bột lỏng mịn. Để bột nghỉ lên men khoảng 2-3 giờ cho nổi bọt.'),
(152, 32, 3, 'Chuẩn bị xửng hấp, thoa một lớp dầu mỏng vào các chén nhỏ. Khuấy lại bột rồi đổ vào chén khoảng 2/3.'),
(153, 32, 4, 'Hấp bánh trên lửa lớn khoảng 15 phút đến khi bánh nở xốp và chín. Lấy bánh ra để nguội.'),
(154, 32, 5, 'Bánh bò có thể ăn ngay hoặc chấm thêm với nước cốt dừa và muối mè tùy thích.'),
(155, 33, 1, 'Đậu xanh ngâm mềm, hấp chín rồi xay nhuyễn với một ít nước và đường thành nhân đậu xanh sệt.'),
(156, 33, 2, 'Lá dứa xay lấy nước cốt xanh. Trộn bột năng, bột gạo, nước cốt dừa, đường và chút muối thật đều, chia làm hai phần. Một phần trộn với nước lá dứa, một phần trộn với nhân đậu xanh xay.'),
(157, 33, 3, 'Thoa dầu vào khuôn hấp. Đổ lớp bột lá dứa mỏng vào khuôn, hấp khoảng 5-7 phút cho se mặt.'),
(158, 33, 4, 'Tiếp tục đổ lớp bột đậu xanh lên trên lớp lá dứa, hấp tiếp. Cứ làm xen kẽ các lớp cho đến khi hết bột.'),
(159, 33, 5, 'Hấp thêm 15 phút sau lớp cuối để bánh chín hoàn toàn. Để bánh nguội, lấy ra khỏi khuôn và cắt miếng nhỏ để thưởng thức.'),
(160, 34, 1, 'Hòa bột sương sáo với nước lạnh theo tỷ lệ trên gói, khuấy tan.'),
(161, 34, 2, 'Bắc nồi sương sáo lên bếp, thêm đường, đun nhỏ lửa và khuấy liên tục đến khi hỗn hợp sệt lại và chuyển màu đen bóng.'),
(162, 34, 3, 'Đổ sương sáo ra khuôn, để nguội cho đông thành thạch. Cắt thạch thành khối vuông vừa ăn.'),
(163, 34, 4, 'Pha nước cốt dừa với chút muối và đường cho vừa miệng. Khi ăn, múc thạch sương sáo ra cốc, chan nước cốt dừa và thêm đá lạnh.'),
(164, 35, 1, 'Đậu xanh ngâm mềm, nấu chín rồi giã nhuyễn với đường để làm nhân. Viên nhân đậu xanh thành những viên nhỏ.'),
(165, 35, 2, 'Trộn bột nếp với nước ấm, nhồi đến khi bột dẻo mịn không dính tay. Ngắt bột thành từng viên nhỏ, ấn dẹt, đặt nhân đậu xanh vào giữa và vo tròn kín nhân.'),
(166, 35, 3, 'Đun nồi nước sôi, thả các viên bánh vào luộc. Khi bánh nổi lên mặt nước thì vớt ra cho vào bát nước lạnh để khỏi dính.'),
(167, 35, 4, 'Nấu nước đường gừng: đun nước với đường thốt nốt và gừng đập dập cho sôi kỹ, tạo thành nước đường thơm mùi gừng.'),
(168, 35, 5, 'Thả bánh trôi đã luộc vào nồi nước đường, nấu thêm vài phút cho thấm. Múc bánh trôi ra bát, rắc dừa nạo và mè rang lên trên rồi thưởng thức.'),
(169, 36, 1, 'Hãm trà: cho trà khô vào ấm, rót nước sôi vào hãm khoảng 5 phút cho trà ngấm rồi lọc bỏ bã trà.'),
(170, 36, 2, 'Vắt chanh lấy nước cốt, bỏ hạt. Khuấy nước cốt chanh với đường cho tan.'),
(171, 36, 3, 'Pha trà đã hãm với hỗn hợp chanh đường, gia giảm độ ngọt chua tùy khẩu vị.'),
(172, 36, 4, 'Rót trà chanh ra ly, thêm đá viên và vài lát chanh tươi cho đẹp mắt rồi thưởng thức.'),
(173, 37, 1, 'Cho sữa đặc vào ly thủy tinh (khoảng 2 muỗng hoặc tùy khẩu vị ngọt).'),
(174, 37, 2, 'Cho bột cà phê vào phin, lắc nhẹ cho phẳng, chèn nắp gài rồi chế một chút nước sôi vào ủ cà phê 1 phút. Sau đó thêm nước sôi đầy phin và đậy nắp, chờ cà phê nhỏ giọt xuống ly.'),
(175, 37, 3, 'Khi cà phê đã pha xong, khuấy đều cho tan với sữa đặc.'),
(176, 37, 4, 'Thêm đá viên đầy ly và thưởng thức cà phê sữa đá mát lạnh.'),
(177, 38, 1, 'Bơ bổ đôi, bỏ hạt, dùng thìa nạo lấy thịt bơ cho vào máy xay sinh tố.'),
(178, 38, 2, 'Thêm sữa tươi, sữa đặc và một ít đá viên vào máy xay.'),
(179, 38, 3, 'Xay nhuyễn hỗn hợp đến khi mịn và bông lên.'),
(180, 38, 4, 'Rót sinh tố bơ ra ly. Có thể thêm vài viên đá lạnh nếu muốn uống lạnh hơn.'),
(181, 39, 1, 'Cho 1 quả chanh muối vào ly (có thể cắt đôi nếu quả to), thêm đường.'),
(182, 39, 2, 'Rót nước ấm vào ly, dùng thìa dầm nhẹ quả chanh muối và khuấy cho tan đường.'),
(183, 39, 3, 'Nếm thử và điều chỉnh lượng đường hoặc nước cho vừa miệng (vì chanh muối có độ mặn khác nhau).'),
(184, 39, 4, 'Thêm đá viên vào ly, khuấy đều và thưởng thức nước chanh muối mát lạnh.'),
(185, 40, 1, 'Ngâm đậu nành trong nước 6-8 giờ cho hạt nở mềm. Đãi sạch vỏ lụa (nếu có) rồi rửa lại.'),
(186, 40, 2, 'Cho đậu nành vào máy xay cùng một ít nước, xay nhuyễn mịn.'),
(187, 40, 3, 'Lọc hỗn hợp qua túi vải hoặc rây để lấy nước đậu, bỏ bã.'),
(188, 40, 4, 'Đun sôi nước đậu với lá dứa, khuấy đều tay để không bị khét đáy. Khi sôi hạ lửa nhỏ, nấu thêm 10 phút.'),
(189, 40, 5, 'Thêm đường và muối vào khuấy tan, nấu thêm 2 phút rồi tắt bếp. Uống nóng hoặc để nguội cho vào tủ lạnh uống lạnh đều ngon.'),
(190, 41, 1, 'Tách hạt bắp từ 2 bắp ngô tươi, rửa qua và để ráo. Tôm khô ngâm nước ấm cho mềm, vớt ra để ráo.'),
(191, 41, 2, 'Đun chảy bơ trong chảo, cho tôm khô vào xào thơm.'),
(192, 41, 3, 'Thêm hạt bắp vào chảo xào cùng, nêm chút nước mắm, đường và muối, đảo đều tay cho ngấm gia vị.'),
(193, 41, 4, 'Khi bắp chín mềm, cho hành lá thái nhỏ vào đảo nhanh rồi tắt bếp. Múc bắp xào ra đĩa và thưởng thức nóng.'),
(194, 42, 1, 'Bánh tráng cắt thành sợi nhỏ vừa ăn. Xoài xanh gọt vỏ, bào sợi. Trứng cút luộc chín, bóc vỏ.'),
(195, 42, 2, 'Pha nước sốt trộn: hòa nước mắm, đường và sa tế (thêm tắc hoặc chanh nếu muốn có vị chua).'),
(196, 42, 3, 'Cho bánh tráng, xoài bào, tôm khô, trứng cút, rau răm cắt nhỏ vào một thau lớn.'),
(197, 42, 4, 'Rưới nước sốt trộn vào, mang bao tay trộn đều các nguyên liệu cho thấm. Cuối cùng thêm đậu phộng rang giã dập và hành phi, trộn lại rồi dùng ngay.'),
(198, 43, 1, 'Đặt bánh tráng lên vỉ nướng trên bếp than hoặc chảo nóng.'),
(199, 43, 2, 'Đập 2 quả trứng cút lên bánh tráng, dùng cọ hoặc thìa dàn đều trứng ra mặt bánh.'),
(200, 43, 3, 'Rắc hành lá cắt nhỏ, tép khô và xúc xích thái lát mỏng lên trên.'),
(201, 43, 4, 'Khi bánh bắt đầu giòn, thêm tương ớt và sốt mayonnaise rưới đều. Gấp đôi bánh hoặc để nguyên, nướng thêm vài giây cho bánh giòn hẳn rồi lấy ra thưởng thức.'),
(202, 44, 1, 'Khoai tây gọt vỏ, cắt thành thanh dài vừa ăn. Ngâm khoai trong nước lạnh 15 phút để loại bỏ bớt tinh bột, sau đó vớt ra để ráo.'),
(203, 44, 2, 'Đun nóng dầu ăn trong chảo sâu lòng. Thả khoai tây vào chiên ngập dầu trên lửa vừa.'),
(204, 44, 3, 'Chiên đến khi khoai chín vàng giòn thì vớt ra đĩa có lót giấy thấm dầu.'),
(205, 44, 4, 'Rắc chút muối hoặc bột gia vị lên khoai cho đậm đà, ăn nóng kèm tương cà hoặc tương ớt tùy thích.'),
(206, 45, 1, 'Nhào bột mì với nước và chút muối thành khối bột mịn, để bột nghỉ 30 phút, sau đó cán mỏng và cắt thành những vỏ bánh tròn đường kính khoảng 10-12cm.'),
(207, 45, 2, 'Làm nhân: mộc nhĩ ngâm nở, thái nhỏ. Miến ngâm mềm cắt ngắn. Cà rốt băm nhỏ. Hành tím băm nhỏ.'),
(208, 45, 3, 'Trộn thịt heo xay với mộc nhĩ, miến, cà rốt, hành tím, nêm muối tiêu cho vừa ăn.'),
(209, 45, 4, 'Múc nhân vào giữa vỏ bánh, thêm nửa quả trứng cút luộc, gập đôi vỏ bánh lại và bóp mép cho dính kín.'),
(210, 45, 5, 'Đun nóng dầu, thả bánh vào chiên ngập dầu đến khi vàng đều, vớt ra giấy thấm dầu. Ăn bánh gối nóng với nước mắm chua ngọt và rau sống.'),
(211, 46, 1, 'Trộn cá xay với bột năng, hạt nêm và tiêu cho thật đều, quết mạnh tay để cá dai hơn.'),
(212, 46, 2, 'Vo cá xay thành các viên tròn nhỏ vừa ăn.'),
(213, 46, 3, 'Đun nóng dầu ăn trong chảo sâu, thả các viên cá vào chiên trên lửa vừa.'),
(214, 46, 4, 'Chiên đến khi cá viên phồng vàng đều thì vớt ra để ráo dầu. Xiên cá viên vào que tre, chấm cùng tương ớt hoặc sốt me tùy thích.'),
(215, 47, 1, 'Củ sắn và cà rốt gọt vỏ, bào sợi. Xào củ sắn và cà rốt với chút dầu ăn cho chín tới, nêm ít muối tiêu. Đập trứng vào xào cùng, đảo đều cho trứng chín tơi bám vào sắn cà rốt.'),
(216, 47, 2, 'Lạp xưởng luộc sơ rồi thái sợi mỏng. Tôm khô ngâm mềm, giã nhỏ.'),
(217, 47, 3, 'Pha nước chấm: phi thơm tỏi băm, cho tương đen (tương hột xay) vào chảo, thêm nước và đường khuấy tan, nêm vừa miệng, tắt bếp rồi cho đậu phộng rang giã nhỏ vào.'),
(218, 47, 4, 'Trải bánh tráng, đặt xà lách, hỗn hợp củ sắn xào trứng, lạp xưởng, tôm khô vào rồi cuốn chặt tay. Có thể cột cuốn bò bía bằng cọng hẹ chần qua cho đẹp.'),
(219, 47, 5, 'Chấm bò bía mặn với nước tương đậu phộng đã pha để thưởng thức.'),
(220, 48, 1, 'Trứng cút lộn rửa sạch, luộc chín khoảng 5 phút rồi vớt ra, để ráo.'),
(221, 48, 2, 'Me chín cho vào chén với chút nước nóng, dầm nát lấy nước cốt me, bỏ hạt.'),
(222, 48, 3, 'Phi thơm tỏi băm và gừng thái sợi trong chảo dầu, cho nước cốt me, đường, nước mắm vào đun tạo thành sốt me sền sệt, nêm nếm vừa ăn (có thể thêm ớt băm).'),
(223, 48, 4, 'Cho trứng cút lộn đã luộc vào chảo sốt me, đảo nhẹ tay cho trứng thấm đều sốt. Xào khoảng 2-3 phút cho nước sốt áo quanh trứng thì tắt bếp.'),
(224, 48, 5, 'Cho rau răm cắt khúc vào đảo qua, múc ra đĩa. Món này ăn nóng rất ngon.'),
(225, 49, 1, 'Hòa tan đường trong nước ấm, cho men nở vào khuấy đều và để yên 5 phút cho men hoạt động.'),
(226, 49, 2, 'Trộn bột mì với dung dịch men, nhồi bột đến khi mịn dẻo không dính tay. Đậy bột bằng khăn ẩm và ủ khoảng 1 giờ cho bột nở gấp đôi.'),
(227, 49, 3, 'Nhào sơ lại khối bột, chia bột thành các phần nhỏ, vo tròn rồi ấn dẹt. Lăn từng miếng bột qua đĩa mè để mè bám đều hai mặt.'),
(228, 49, 4, 'Đun nóng dầu, thả từng miếng bột vào chiên. Khi bánh phồng và vàng đều hai mặt thì vớt ra để ráo dầu.'),
(229, 49, 5, 'Bánh tiêu ngon nhất khi ăn nóng, có thể ăn không hoặc kẹp với nhân ngọt tuỳ thích.'),
(230, 50, 1, 'Pha bột: trộn bột mì, bột gạo, đường và muối, thêm nước từ từ khuấy đều cho đến khi được hỗn hợp bột lỏng sánh mịn.'),
(231, 50, 2, 'Chuối bóc vỏ, bổ đôi và ép dẹt (có thể ép giữa 2 tấm nilon để chuối không dính).'),
(232, 50, 3, 'Nhúng từng miếng chuối ép vào âu bột sao cho bột phủ đều hai mặt.'),
(233, 50, 4, 'Đun nóng dầu, thả chuối đã nhúng bột vào chiên ngập dầu. Chiên lửa vừa đến khi bánh chuối phồng giòn, vàng đều thì vớt ra.'),
(234, 50, 5, 'Để bánh chuối trên giấy thấm dầu cho ráo. Bánh chuối chiên ăn lúc nóng là ngon nhất, giòn rụm và ngọt thơm.');

update categories c set status = 1;
update ingredients i set status = 1;
update units u set status = 1;
update recipes r set status = 1;
update recipe_ingredient_details rid set status = 1;
update recipe_steps rs set status = 1;

update categories c set img_url = 'http://localhost:9000/images/default-category.jpg';
update ingredients i set img_url= 'http://localhost:9000/images/default-ingredient.jpg';
update units u set created_by = 'hoangfcoongminh';
update recipes r set author_username = 'hoangfcoongminh';
update recipe_ingredient_details rid set created_by = 'hoangfcoongminh';
update recipe_steps rs set created_by = 'hoangfcoongminh'

update categories c set created_at = NOW();
update ingredients i set created_at= NOW();
update units u set created_at = now();
update recipes r set created_at= now();
update recipe_ingredient_details rid set created_at = now();
update recipe_steps rs set created_at = now();

update categories c set modified_at = NOW();
update ingredients i set modified_at= NOW();
update units u set modified_at = now();
update recipes r set modified_at= now();
update recipe_ingredient_details rid set modified_at = now();
update recipe_steps rs set modified_at = now();

-- Tất cả công thức gán ngẫu nhiên vào 1 trong 3 tháng
UPDATE recipes
SET created_at = CASE (FLOOR(1 + RAND() * 3))
    WHEN 1 THEN NOW()
    WHEN 2 THEN DATE_SUB(NOW(), INTERVAL 1 MONTH)
    WHEN 3 THEN DATE_SUB(NOW(), INTERVAL 2 MONTH)
END;

SET FOREIGN_KEY_CHECKS = 0;

TRUNCATE TABLE recipe_steps;
TRUNCATE TABLE recipe_ingredient_details;
TRUNCATE TABLE recipes;
TRUNCATE TABLE ingredients;
TRUNCATE TABLE units;
TRUNCATE TABLE categories;
truncate table reviews;
truncate table favorites;

SET FOREIGN_KEY_CHECKS = 1;

UPDATE categories c SET img_url = 'http://localhost:9000/images/default-category.jpg';
UPDATE users u SET img_url = 'http://localhost:9000/images/default-avt.jpg';
UPDATE recipes r SET img_url = 'http://localhost:9000/images/default-recipe.jpg';
UPDATE ingredients i SET img_url = 'http://localhost:9000/images/default-ingredient.jpg';


